org.redisson.reactive.PublisherAdder,sink,50
org.redisson.reactive.PublisherAdder,sink,86
org.redisson.reactive.PublisherAdder,sink,71
org.redisson.reactive.PublisherAdder,sink,56
org.redisson.reactive.PublisherAdder,sink,42
org.redisson.reactive.PublisherAdder,sink,78
org.redisson.reactive.PublisherAdder,source,66
org.redisson.reactive.PublisherAdder,source,67
org.redisson.reactive.PublisherAdder,source,68
org.redisson.reactive.PublisherAdder,source,58
org.redisson.reactive.PublisherAdder,source,60
org.redisson.reactive.PublisherAdder,source,61
org.redisson.reactive.PublisherAdder,source,47
org.redisson.reactive.PublisherAdder,source,63
