org.hswebframework.web.service.organizational.simple.SimplePersonService,sink,496
org.hswebframework.web.service.organizational.simple.SimplePersonService,sink,497
org.hswebframework.web.service.organizational.simple.SimplePersonService,sink,501
org.hswebframework.web.service.organizational.simple.SimplePersonService,sink,502
org.hswebframework.web.service.organizational.simple.SimplePersonService,sink,487
org.hswebframework.web.service.organizational.simple.SimplePersonService,sink,489
org.hswebframework.web.service.organizational.simple.SimplePersonService,sink,490
org.hswebframework.web.service.organizational.simple.SimplePersonService,sink,492
org.hswebframework.web.service.organizational.simple.SimplePersonService,sink,494
org.hswebframework.web.service.organizational.simple.SimplePersonService,source,496
org.hswebframework.web.service.organizational.simple.SimplePersonService,source,497
org.hswebframework.web.service.organizational.simple.SimplePersonService,source,501
org.hswebframework.web.service.organizational.simple.SimplePersonService,source,502
org.hswebframework.web.service.organizational.simple.SimplePersonService,source,487
org.hswebframework.web.service.organizational.simple.SimplePersonService,source,489
org.hswebframework.web.service.organizational.simple.SimplePersonService,source,490
org.hswebframework.web.service.organizational.simple.SimplePersonService,source,492
org.hswebframework.web.service.organizational.simple.SimplePersonService,source,494
