com.hazelcast.cp.internal.raft.impl.handler.AppendSuccessResponseHandlerTask,sink,112
com.hazelcast.cp.internal.raft.impl.handler.AppendSuccessResponseHandlerTask,sink,115
com.hazelcast.cp.internal.raft.impl.handler.AppendSuccessResponseHandlerTask,sink,100
com.hazelcast.cp.internal.raft.impl.handler.AppendSuccessResponseHandlerTask,sink,84
com.hazelcast.cp.internal.raft.impl.handler.AppendSuccessResponseHandlerTask,sink,87
com.hazelcast.cp.internal.raft.impl.handler.AppendSuccessResponseHandlerTask,sink,89
com.hazelcast.cp.internal.raft.impl.handler.AppendSuccessResponseHandlerTask,sink,90
com.hazelcast.cp.internal.raft.impl.handler.AppendSuccessResponseHandlerTask,sink,91
com.hazelcast.cp.internal.raft.impl.handler.AppendSuccessResponseHandlerTask,sink,92
com.hazelcast.cp.internal.raft.impl.handler.AppendSuccessResponseHandlerTask,source,112
com.hazelcast.cp.internal.raft.impl.handler.AppendSuccessResponseHandlerTask,source,100
