hudson.util.jna.DotNet,sink,132
hudson.util.jna.DotNet,sink,133
hudson.util.jna.DotNet,sink,134
hudson.util.jna.DotNet,sink,135
hudson.util.jna.DotNet,sink,136
hudson.util.jna.DotNet,sink,137
hudson.util.jna.DotNet,sink,138
hudson.util.jna.DotNet,sink,139
hudson.util.jna.DotNet,sink,140
hudson.util.jna.DotNet,sink,141
hudson.util.jna.DotNet,sink,142
hudson.util.jna.DotNet,sink,143
hudson.util.jna.DotNet,sink,144
hudson.util.jna.DotNet,sink,145
hudson.util.jna.DotNet,sink,146
hudson.util.jna.DotNet,sink,147
hudson.util.jna.DotNet,sink,150
hudson.util.jna.DotNet,sink,153
hudson.util.jna.DotNet,sink,156
hudson.util.jna.DotNet,source,132
hudson.util.jna.DotNet,source,133
hudson.util.jna.DotNet,source,134
hudson.util.jna.DotNet,source,135
hudson.util.jna.DotNet,source,136
hudson.util.jna.DotNet,source,137
hudson.util.jna.DotNet,source,138
hudson.util.jna.DotNet,source,139
hudson.util.jna.DotNet,source,140
hudson.util.jna.DotNet,source,141
hudson.util.jna.DotNet,source,142
hudson.util.jna.DotNet,source,143
hudson.util.jna.DotNet,source,144
hudson.util.jna.DotNet,source,145
hudson.util.jna.DotNet,source,146
hudson.util.jna.DotNet,source,147
hudson.util.jna.DotNet,source,150
hudson.util.jna.DotNet,source,153
hudson.util.jna.DotNet,source,156
