com.nepxion.discovery.plugin.strategy.sentinel.monitor.callback.SentinelTracingProcessorSlotEntryCallback,sink,37
com.nepxion.discovery.plugin.strategy.sentinel.monitor.callback.SentinelTracingProcessorSlotEntryCallback,sink,38
com.nepxion.discovery.plugin.strategy.sentinel.monitor.callback.SentinelTracingProcessorSlotEntryCallback,sink,40
com.nepxion.discovery.plugin.strategy.sentinel.monitor.callback.SentinelTracingProcessorSlotEntryCallback,sink,41
com.nepxion.discovery.plugin.strategy.sentinel.monitor.callback.SentinelTracingProcessorSlotEntryCallback,sink,42
com.nepxion.discovery.plugin.strategy.sentinel.monitor.callback.SentinelTracingProcessorSlotEntryCallback,source,37
com.nepxion.discovery.plugin.strategy.sentinel.monitor.callback.SentinelTracingProcessorSlotEntryCallback,source,38
com.nepxion.discovery.plugin.strategy.sentinel.monitor.callback.SentinelTracingProcessorSlotEntryCallback,source,40
com.nepxion.discovery.plugin.strategy.sentinel.monitor.callback.SentinelTracingProcessorSlotEntryCallback,source,41
com.nepxion.discovery.plugin.strategy.sentinel.monitor.callback.SentinelTracingProcessorSlotEntryCallback,source,42
