com.google.errorprone.bugpatterns.StringEquality,sink,96
com.google.errorprone.bugpatterns.StringEquality,sink,97
com.google.errorprone.bugpatterns.StringEquality,sink,99
com.google.errorprone.bugpatterns.StringEquality,sink,101
com.google.errorprone.bugpatterns.StringEquality,sink,104
com.google.errorprone.bugpatterns.StringEquality,sink,108
com.google.errorprone.bugpatterns.StringEquality,sink,111
com.google.errorprone.bugpatterns.StringEquality,sink,113
com.google.errorprone.bugpatterns.StringEquality,sink,114
com.google.errorprone.bugpatterns.StringEquality,sink,119
com.google.errorprone.bugpatterns.StringEquality,sink,120
com.google.errorprone.bugpatterns.StringEquality,sink,121
com.google.errorprone.bugpatterns.StringEquality,sink,123
com.google.errorprone.bugpatterns.StringEquality,sink,92
com.google.errorprone.bugpatterns.StringEquality,sink,93
com.google.errorprone.bugpatterns.StringEquality,sink,94
com.google.errorprone.bugpatterns.StringEquality,sink,95
com.google.errorprone.bugpatterns.StringEquality,source,96
com.google.errorprone.bugpatterns.StringEquality,source,97
com.google.errorprone.bugpatterns.StringEquality,source,99
com.google.errorprone.bugpatterns.StringEquality,source,101
com.google.errorprone.bugpatterns.StringEquality,source,104
com.google.errorprone.bugpatterns.StringEquality,source,108
com.google.errorprone.bugpatterns.StringEquality,source,111
com.google.errorprone.bugpatterns.StringEquality,source,113
com.google.errorprone.bugpatterns.StringEquality,source,114
com.google.errorprone.bugpatterns.StringEquality,source,119
com.google.errorprone.bugpatterns.StringEquality,source,120
com.google.errorprone.bugpatterns.StringEquality,source,121
com.google.errorprone.bugpatterns.StringEquality,source,123
com.google.errorprone.bugpatterns.StringEquality,source,92
com.google.errorprone.bugpatterns.StringEquality,source,93
com.google.errorprone.bugpatterns.StringEquality,source,94
com.google.errorprone.bugpatterns.StringEquality,source,95
