baritone.process.BuilderProcess,source,561
baritone.process.BuilderProcess,source,546
baritone.process.BuilderProcess,source,466
baritone.process.BuilderProcess,source,547
baritone.process.BuilderProcess,source,563
baritone.process.BuilderProcess,source,471
baritone.process.BuilderProcess,source,553
baritone.process.BuilderProcess,source,575
baritone.process.BuilderProcess,sink,577
baritone.process.BuilderProcess,sink,578
baritone.process.BuilderProcess,sink,579
baritone.process.BuilderProcess,sink,580
