com.nepxion.discovery.plugin.strategy.zuul.route.DefaultZuulStrategyRoute,sink,64
com.nepxion.discovery.plugin.strategy.zuul.route.DefaultZuulStrategyRoute,sink,65
com.nepxion.discovery.plugin.strategy.zuul.route.DefaultZuulStrategyRoute,sink,68
com.nepxion.discovery.plugin.strategy.zuul.route.DefaultZuulStrategyRoute,sink,70
com.nepxion.discovery.plugin.strategy.zuul.route.DefaultZuulStrategyRoute,sink,71
com.nepxion.discovery.plugin.strategy.zuul.route.DefaultZuulStrategyRoute,sink,72
com.nepxion.discovery.plugin.strategy.zuul.route.DefaultZuulStrategyRoute,sink,74
com.nepxion.discovery.plugin.strategy.zuul.route.DefaultZuulStrategyRoute,sink,75
com.nepxion.discovery.plugin.strategy.zuul.route.DefaultZuulStrategyRoute,sink,76
com.nepxion.discovery.plugin.strategy.zuul.route.DefaultZuulStrategyRoute,sink,79
com.nepxion.discovery.plugin.strategy.zuul.route.DefaultZuulStrategyRoute,sink,80
com.nepxion.discovery.plugin.strategy.zuul.route.DefaultZuulStrategyRoute,sink,83
com.nepxion.discovery.plugin.strategy.zuul.route.DefaultZuulStrategyRoute,sink,85
com.nepxion.discovery.plugin.strategy.zuul.route.DefaultZuulStrategyRoute,sink,59
com.nepxion.discovery.plugin.strategy.zuul.route.DefaultZuulStrategyRoute,sink,60
com.nepxion.discovery.plugin.strategy.zuul.route.DefaultZuulStrategyRoute,sink,61
com.nepxion.discovery.plugin.strategy.zuul.route.DefaultZuulStrategyRoute,sink,62
com.nepxion.discovery.plugin.strategy.zuul.route.DefaultZuulStrategyRoute,sink,63
com.nepxion.discovery.plugin.strategy.zuul.route.DefaultZuulStrategyRoute,source,61
