com.usthe.manager.component.alerter.impl.DingTalkRobotAlertNotifyHandlerImpl,source,35
com.usthe.manager.component.alerter.impl.DingTalkRobotAlertNotifyHandlerImpl,source,36
com.usthe.manager.component.alerter.impl.DingTalkRobotAlertNotifyHandlerImpl,source,37
com.usthe.manager.component.alerter.impl.DingTalkRobotAlertNotifyHandlerImpl,source,38
com.usthe.manager.component.alerter.impl.DingTalkRobotAlertNotifyHandlerImpl,source,39
com.usthe.manager.component.alerter.impl.DingTalkRobotAlertNotifyHandlerImpl,source,40
com.usthe.manager.component.alerter.impl.DingTalkRobotAlertNotifyHandlerImpl,source,43
com.usthe.manager.component.alerter.impl.DingTalkRobotAlertNotifyHandlerImpl,source,44
com.usthe.manager.component.alerter.impl.DingTalkRobotAlertNotifyHandlerImpl,source,45
com.usthe.manager.component.alerter.impl.DingTalkRobotAlertNotifyHandlerImpl,source,46
com.usthe.manager.component.alerter.impl.DingTalkRobotAlertNotifyHandlerImpl,source,47
com.usthe.manager.component.alerter.impl.DingTalkRobotAlertNotifyHandlerImpl,source,49
com.usthe.manager.component.alerter.impl.DingTalkRobotAlertNotifyHandlerImpl,source,50
com.usthe.manager.component.alerter.impl.DingTalkRobotAlertNotifyHandlerImpl,source,53
com.usthe.manager.component.alerter.impl.DingTalkRobotAlertNotifyHandlerImpl,source,54
com.usthe.manager.component.alerter.impl.DingTalkRobotAlertNotifyHandlerImpl,source,56
com.usthe.manager.component.alerter.impl.DingTalkRobotAlertNotifyHandlerImpl,source,57
com.usthe.manager.component.alerter.impl.DingTalkRobotAlertNotifyHandlerImpl,source,58
com.usthe.manager.component.alerter.impl.DingTalkRobotAlertNotifyHandlerImpl,source,59
com.usthe.manager.component.alerter.impl.DingTalkRobotAlertNotifyHandlerImpl,source,61
com.usthe.manager.component.alerter.impl.DingTalkRobotAlertNotifyHandlerImpl,source,62
com.usthe.manager.component.alerter.impl.DingTalkRobotAlertNotifyHandlerImpl,sink,35
com.usthe.manager.component.alerter.impl.DingTalkRobotAlertNotifyHandlerImpl,sink,36
com.usthe.manager.component.alerter.impl.DingTalkRobotAlertNotifyHandlerImpl,sink,37
com.usthe.manager.component.alerter.impl.DingTalkRobotAlertNotifyHandlerImpl,sink,38
com.usthe.manager.component.alerter.impl.DingTalkRobotAlertNotifyHandlerImpl,sink,39
com.usthe.manager.component.alerter.impl.DingTalkRobotAlertNotifyHandlerImpl,sink,40
com.usthe.manager.component.alerter.impl.DingTalkRobotAlertNotifyHandlerImpl,sink,43
com.usthe.manager.component.alerter.impl.DingTalkRobotAlertNotifyHandlerImpl,sink,44
com.usthe.manager.component.alerter.impl.DingTalkRobotAlertNotifyHandlerImpl,sink,45
com.usthe.manager.component.alerter.impl.DingTalkRobotAlertNotifyHandlerImpl,sink,46
com.usthe.manager.component.alerter.impl.DingTalkRobotAlertNotifyHandlerImpl,sink,47
com.usthe.manager.component.alerter.impl.DingTalkRobotAlertNotifyHandlerImpl,sink,49
com.usthe.manager.component.alerter.impl.DingTalkRobotAlertNotifyHandlerImpl,sink,50
com.usthe.manager.component.alerter.impl.DingTalkRobotAlertNotifyHandlerImpl,sink,53
com.usthe.manager.component.alerter.impl.DingTalkRobotAlertNotifyHandlerImpl,sink,54
com.usthe.manager.component.alerter.impl.DingTalkRobotAlertNotifyHandlerImpl,sink,56
com.usthe.manager.component.alerter.impl.DingTalkRobotAlertNotifyHandlerImpl,sink,57
com.usthe.manager.component.alerter.impl.DingTalkRobotAlertNotifyHandlerImpl,sink,58
com.usthe.manager.component.alerter.impl.DingTalkRobotAlertNotifyHandlerImpl,sink,59
com.usthe.manager.component.alerter.impl.DingTalkRobotAlertNotifyHandlerImpl,sink,61
com.usthe.manager.component.alerter.impl.DingTalkRobotAlertNotifyHandlerImpl,sink,62
