graphql.execution.ExecutionStrategy,source,792
graphql.execution.ExecutionStrategy,source,793
graphql.execution.ExecutionStrategy,source,810
graphql.execution.ExecutionStrategy,source,794
graphql.execution.ExecutionStrategy,source,795
graphql.execution.ExecutionStrategy,source,811
graphql.execution.ExecutionStrategy,source,812
graphql.execution.ExecutionStrategy,source,796
graphql.execution.ExecutionStrategy,source,813
graphql.execution.ExecutionStrategy,source,814
graphql.execution.ExecutionStrategy,source,815
graphql.execution.ExecutionStrategy,sink,792
graphql.execution.ExecutionStrategy,sink,793
graphql.execution.ExecutionStrategy,sink,810
graphql.execution.ExecutionStrategy,sink,794
graphql.execution.ExecutionStrategy,sink,795
graphql.execution.ExecutionStrategy,sink,811
graphql.execution.ExecutionStrategy,sink,812
graphql.execution.ExecutionStrategy,sink,796
graphql.execution.ExecutionStrategy,sink,813
graphql.execution.ExecutionStrategy,sink,814
graphql.execution.ExecutionStrategy,sink,815
