org.hswebframework.web.bean.FastBeanCopier,source,544
org.hswebframework.web.bean.FastBeanCopier,source,545
org.hswebframework.web.bean.FastBeanCopier,source,546
org.hswebframework.web.bean.FastBeanCopier,source,563
org.hswebframework.web.bean.FastBeanCopier,source,547
org.hswebframework.web.bean.FastBeanCopier,source,548
org.hswebframework.web.bean.FastBeanCopier,source,564
org.hswebframework.web.bean.FastBeanCopier,source,565
org.hswebframework.web.bean.FastBeanCopier,source,566
org.hswebframework.web.bean.FastBeanCopier,source,567
org.hswebframework.web.bean.FastBeanCopier,sink,544
org.hswebframework.web.bean.FastBeanCopier,sink,545
org.hswebframework.web.bean.FastBeanCopier,sink,546
org.hswebframework.web.bean.FastBeanCopier,sink,563
org.hswebframework.web.bean.FastBeanCopier,sink,547
org.hswebframework.web.bean.FastBeanCopier,sink,548
org.hswebframework.web.bean.FastBeanCopier,sink,564
org.hswebframework.web.bean.FastBeanCopier,sink,565
org.hswebframework.web.bean.FastBeanCopier,sink,566
org.hswebframework.web.bean.FastBeanCopier,sink,567
