org.hswebframework.web.dao.mybatis.builder.EasyOrmSqlBuilder,sink,237
org.hswebframework.web.dao.mybatis.builder.EasyOrmSqlBuilder,sink,238
org.hswebframework.web.dao.mybatis.builder.EasyOrmSqlBuilder,sink,239
org.hswebframework.web.dao.mybatis.builder.EasyOrmSqlBuilder,sink,240
org.hswebframework.web.dao.mybatis.builder.EasyOrmSqlBuilder,sink,241
org.hswebframework.web.dao.mybatis.builder.EasyOrmSqlBuilder,sink,242
org.hswebframework.web.dao.mybatis.builder.EasyOrmSqlBuilder,sink,243
org.hswebframework.web.dao.mybatis.builder.EasyOrmSqlBuilder,sink,244
org.hswebframework.web.dao.mybatis.builder.EasyOrmSqlBuilder,sink,245
org.hswebframework.web.dao.mybatis.builder.EasyOrmSqlBuilder,sink,246
org.hswebframework.web.dao.mybatis.builder.EasyOrmSqlBuilder,sink,248
org.hswebframework.web.dao.mybatis.builder.EasyOrmSqlBuilder,sink,249
org.hswebframework.web.dao.mybatis.builder.EasyOrmSqlBuilder,sink,250
org.hswebframework.web.dao.mybatis.builder.EasyOrmSqlBuilder,sink,219
org.hswebframework.web.dao.mybatis.builder.EasyOrmSqlBuilder,sink,251
org.hswebframework.web.dao.mybatis.builder.EasyOrmSqlBuilder,sink,220
org.hswebframework.web.dao.mybatis.builder.EasyOrmSqlBuilder,sink,252
org.hswebframework.web.dao.mybatis.builder.EasyOrmSqlBuilder,sink,253
org.hswebframework.web.dao.mybatis.builder.EasyOrmSqlBuilder,sink,221
org.hswebframework.web.dao.mybatis.builder.EasyOrmSqlBuilder,sink,222
org.hswebframework.web.dao.mybatis.builder.EasyOrmSqlBuilder,sink,254
org.hswebframework.web.dao.mybatis.builder.EasyOrmSqlBuilder,sink,255
org.hswebframework.web.dao.mybatis.builder.EasyOrmSqlBuilder,source,237
org.hswebframework.web.dao.mybatis.builder.EasyOrmSqlBuilder,source,238
org.hswebframework.web.dao.mybatis.builder.EasyOrmSqlBuilder,source,239
org.hswebframework.web.dao.mybatis.builder.EasyOrmSqlBuilder,source,240
org.hswebframework.web.dao.mybatis.builder.EasyOrmSqlBuilder,source,241
org.hswebframework.web.dao.mybatis.builder.EasyOrmSqlBuilder,source,242
org.hswebframework.web.dao.mybatis.builder.EasyOrmSqlBuilder,source,243
org.hswebframework.web.dao.mybatis.builder.EasyOrmSqlBuilder,source,244
org.hswebframework.web.dao.mybatis.builder.EasyOrmSqlBuilder,source,245
org.hswebframework.web.dao.mybatis.builder.EasyOrmSqlBuilder,source,246
org.hswebframework.web.dao.mybatis.builder.EasyOrmSqlBuilder,source,248
org.hswebframework.web.dao.mybatis.builder.EasyOrmSqlBuilder,source,249
org.hswebframework.web.dao.mybatis.builder.EasyOrmSqlBuilder,source,250
org.hswebframework.web.dao.mybatis.builder.EasyOrmSqlBuilder,source,219
org.hswebframework.web.dao.mybatis.builder.EasyOrmSqlBuilder,source,251
org.hswebframework.web.dao.mybatis.builder.EasyOrmSqlBuilder,source,220
org.hswebframework.web.dao.mybatis.builder.EasyOrmSqlBuilder,source,252
org.hswebframework.web.dao.mybatis.builder.EasyOrmSqlBuilder,source,253
org.hswebframework.web.dao.mybatis.builder.EasyOrmSqlBuilder,source,221
org.hswebframework.web.dao.mybatis.builder.EasyOrmSqlBuilder,source,222
org.hswebframework.web.dao.mybatis.builder.EasyOrmSqlBuilder,source,254
org.hswebframework.web.dao.mybatis.builder.EasyOrmSqlBuilder,source,255
