com.alibaba.cloud.stream.binder.rocketmq.RocketMQMessageChannelBinder,sink,96
com.alibaba.cloud.stream.binder.rocketmq.RocketMQMessageChannelBinder,sink,97
com.alibaba.cloud.stream.binder.rocketmq.RocketMQMessageChannelBinder,sink,99
com.alibaba.cloud.stream.binder.rocketmq.RocketMQMessageChannelBinder,sink,100
com.alibaba.cloud.stream.binder.rocketmq.RocketMQMessageChannelBinder,sink,79
com.alibaba.cloud.stream.binder.rocketmq.RocketMQMessageChannelBinder,sink,83
com.alibaba.cloud.stream.binder.rocketmq.RocketMQMessageChannelBinder,sink,84
com.alibaba.cloud.stream.binder.rocketmq.RocketMQMessageChannelBinder,sink,85
com.alibaba.cloud.stream.binder.rocketmq.RocketMQMessageChannelBinder,sink,86
com.alibaba.cloud.stream.binder.rocketmq.RocketMQMessageChannelBinder,sink,87
com.alibaba.cloud.stream.binder.rocketmq.RocketMQMessageChannelBinder,sink,88
com.alibaba.cloud.stream.binder.rocketmq.RocketMQMessageChannelBinder,sink,89
com.alibaba.cloud.stream.binder.rocketmq.RocketMQMessageChannelBinder,sink,90
com.alibaba.cloud.stream.binder.rocketmq.RocketMQMessageChannelBinder,sink,91
com.alibaba.cloud.stream.binder.rocketmq.RocketMQMessageChannelBinder,sink,92
com.alibaba.cloud.stream.binder.rocketmq.RocketMQMessageChannelBinder,source,96
com.alibaba.cloud.stream.binder.rocketmq.RocketMQMessageChannelBinder,source,97
com.alibaba.cloud.stream.binder.rocketmq.RocketMQMessageChannelBinder,source,99
com.alibaba.cloud.stream.binder.rocketmq.RocketMQMessageChannelBinder,source,100
com.alibaba.cloud.stream.binder.rocketmq.RocketMQMessageChannelBinder,source,79
com.alibaba.cloud.stream.binder.rocketmq.RocketMQMessageChannelBinder,source,83
com.alibaba.cloud.stream.binder.rocketmq.RocketMQMessageChannelBinder,source,84
com.alibaba.cloud.stream.binder.rocketmq.RocketMQMessageChannelBinder,source,85
com.alibaba.cloud.stream.binder.rocketmq.RocketMQMessageChannelBinder,source,86
com.alibaba.cloud.stream.binder.rocketmq.RocketMQMessageChannelBinder,source,87
com.alibaba.cloud.stream.binder.rocketmq.RocketMQMessageChannelBinder,source,88
com.alibaba.cloud.stream.binder.rocketmq.RocketMQMessageChannelBinder,source,89
com.alibaba.cloud.stream.binder.rocketmq.RocketMQMessageChannelBinder,source,90
com.alibaba.cloud.stream.binder.rocketmq.RocketMQMessageChannelBinder,source,91
com.alibaba.cloud.stream.binder.rocketmq.RocketMQMessageChannelBinder,source,92
