io.swagger.jaxrs2.OperationParser,source,128
io.swagger.jaxrs2.OperationParser,source,109
io.swagger.jaxrs2.OperationParser,source,110
io.swagger.jaxrs2.OperationParser,source,143
io.swagger.jaxrs2.OperationParser,source,111
io.swagger.jaxrs2.OperationParser,source,113
io.swagger.jaxrs2.OperationParser,source,114
io.swagger.jaxrs2.OperationParser,source,115
io.swagger.jaxrs2.OperationParser,source,89
io.swagger.jaxrs2.OperationParser,source,90
io.swagger.jaxrs2.OperationParser,source,91
io.swagger.jaxrs2.OperationParser,source,92
io.swagger.jaxrs2.OperationParser,source,124
io.swagger.jaxrs2.OperationParser,source,125
io.swagger.jaxrs2.OperationParser,source,126
io.swagger.jaxrs2.OperationParser,source,127
io.swagger.jaxrs2.OperationParser,sink,128
io.swagger.jaxrs2.OperationParser,sink,92
io.swagger.jaxrs2.OperationParser,sink,124
io.swagger.jaxrs2.OperationParser,sink,125
io.swagger.jaxrs2.OperationParser,sink,126
io.swagger.jaxrs2.OperationParser,sink,127
io.swagger.jaxrs2.OperationParser,sink,143
