hudson.ExtensionComponent,sink,96
hudson.ExtensionComponent,sink,98
hudson.ExtensionComponent,sink,99
hudson.ExtensionComponent,sink,101
hudson.ExtensionComponent,sink,104
hudson.ExtensionComponent,sink,105
hudson.ExtensionComponent,sink,106
hudson.ExtensionComponent,sink,107
hudson.ExtensionComponent,sink,108
hudson.ExtensionComponent,sink,109
hudson.ExtensionComponent,sink,110
hudson.ExtensionComponent,sink,112
hudson.ExtensionComponent,sink,113
hudson.ExtensionComponent,sink,116
hudson.ExtensionComponent,sink,117
hudson.ExtensionComponent,sink,118
hudson.ExtensionComponent,sink,119
hudson.ExtensionComponent,sink,120
hudson.ExtensionComponent,sink,124
hudson.ExtensionComponent,sink,94
hudson.ExtensionComponent,sink,95
hudson.ExtensionComponent,source,96
hudson.ExtensionComponent,source,98
hudson.ExtensionComponent,source,99
hudson.ExtensionComponent,source,101
hudson.ExtensionComponent,source,104
hudson.ExtensionComponent,source,105
hudson.ExtensionComponent,source,106
hudson.ExtensionComponent,source,107
hudson.ExtensionComponent,source,108
hudson.ExtensionComponent,source,109
hudson.ExtensionComponent,source,110
hudson.ExtensionComponent,source,112
hudson.ExtensionComponent,source,113
hudson.ExtensionComponent,source,116
hudson.ExtensionComponent,source,117
hudson.ExtensionComponent,source,118
hudson.ExtensionComponent,source,119
hudson.ExtensionComponent,source,120
hudson.ExtensionComponent,source,124
hudson.ExtensionComponent,source,94
hudson.ExtensionComponent,source,95
