com.nepxion.discovery.plugin.strategy.zuul.route.DefaultZuulStrategyRoute,source,64
com.nepxion.discovery.plugin.strategy.zuul.route.DefaultZuulStrategyRoute,source,65
com.nepxion.discovery.plugin.strategy.zuul.route.DefaultZuulStrategyRoute,source,66
com.nepxion.discovery.plugin.strategy.zuul.route.DefaultZuulStrategyRoute,source,69
com.nepxion.discovery.plugin.strategy.zuul.route.DefaultZuulStrategyRoute,source,70
com.nepxion.discovery.plugin.strategy.zuul.route.DefaultZuulStrategyRoute,source,71
com.nepxion.discovery.plugin.strategy.zuul.route.DefaultZuulStrategyRoute,source,72
com.nepxion.discovery.plugin.strategy.zuul.route.DefaultZuulStrategyRoute,source,73
com.nepxion.discovery.plugin.strategy.zuul.route.DefaultZuulStrategyRoute,source,75
com.nepxion.discovery.plugin.strategy.zuul.route.DefaultZuulStrategyRoute,source,76
com.nepxion.discovery.plugin.strategy.zuul.route.DefaultZuulStrategyRoute,source,80
com.nepxion.discovery.plugin.strategy.zuul.route.DefaultZuulStrategyRoute,source,81
com.nepxion.discovery.plugin.strategy.zuul.route.DefaultZuulStrategyRoute,source,84
com.nepxion.discovery.plugin.strategy.zuul.route.DefaultZuulStrategyRoute,source,86
com.nepxion.discovery.plugin.strategy.zuul.route.DefaultZuulStrategyRoute,source,60
com.nepxion.discovery.plugin.strategy.zuul.route.DefaultZuulStrategyRoute,source,61
com.nepxion.discovery.plugin.strategy.zuul.route.DefaultZuulStrategyRoute,source,62
com.nepxion.discovery.plugin.strategy.zuul.route.DefaultZuulStrategyRoute,sink,62
