hudson.util.jna.DotNet,source,64
hudson.util.jna.DotNet,source,65
hudson.util.jna.DotNet,source,66
hudson.util.jna.DotNet,source,67
hudson.util.jna.DotNet,source,68
hudson.util.jna.DotNet,source,69
hudson.util.jna.DotNet,source,70
hudson.util.jna.DotNet,source,74
hudson.util.jna.DotNet,source,77
hudson.util.jna.DotNet,source,56
hudson.util.jna.DotNet,source,57
hudson.util.jna.DotNet,source,58
hudson.util.jna.DotNet,source,59
hudson.util.jna.DotNet,source,60
hudson.util.jna.DotNet,source,61
hudson.util.jna.DotNet,source,62
hudson.util.jna.DotNet,source,63
hudson.util.jna.DotNet,sink,64
hudson.util.jna.DotNet,sink,65
hudson.util.jna.DotNet,sink,66
hudson.util.jna.DotNet,sink,67
hudson.util.jna.DotNet,sink,68
hudson.util.jna.DotNet,sink,69
hudson.util.jna.DotNet,sink,70
hudson.util.jna.DotNet,sink,74
hudson.util.jna.DotNet,sink,77
hudson.util.jna.DotNet,sink,56
hudson.util.jna.DotNet,sink,57
hudson.util.jna.DotNet,sink,58
hudson.util.jna.DotNet,sink,59
hudson.util.jna.DotNet,sink,60
hudson.util.jna.DotNet,sink,61
hudson.util.jna.DotNet,sink,62
hudson.util.jna.DotNet,sink,63
